id;Title;Link
1;10 Cloverfield Lane (2016);saHzng8fxLs
2;12 Strong (2018);YlBGTEHioRU
3;12 Years a Slave (2013);z02Ie8wKKRg
4;127 Hours (2010);OlhLOWTnVoQ
5;13 Hours (2016);cdBLr33E07w
6;1408 (2007);WIASqPZqnhs
7;16 Blocks (2006);7LaqTTRNvpg
8;17 Miracles (2011);SResQFe35S8
9;2 Guns (2013);AK6EbfdnTHg
10;20th Century Women (2016);jOky3Yd9K7Q
11;21 (2008);5oR2yosNRJI
12;21 Jump Street (2012);nfkiFVhiIYw
13;22 Jump Street (2014);rbZk_3KbRlg
14;3-10 to Yuma (2007);jX1m45CwvJ8
15;30 Days of Night (2007);zXYO19Ig5hc
16;30 Minutes or Less (2011);nfOt-Go3ECA
17;300 (2006);ZJ6yq-oVKPc
18;42 (2013);I9RHqdZDCF0
19;47 Ronin (2013);j8cKdDkkIYY
20;5 to 7 (2014);XiALAzGRcZ8
21;50/50 (2011);gsEOl7nlXcA
22;500 Days of Summer (2009);PsD0NpFSADM
23;A Beautiful Mind (2001);WFJgUm7iOKw
24;A Birder's Guide to Everything (2013);cup5DCy3cP0
25;A Christmas Carol (2009);VZ3lr3urgDU
26;A Dangerous Method (2011);pjyP9DjUdVk
27;A Dog's Purpose (2017);C4y_h9xbyDE
28;A Futile and Stupid Gesture (2018);33dztfqRu_k
29;A Ghost Story (2017);FxLHP2IpBXw
30;A Good Year (2006);pebd1DN8nok
31;A Grim Becoming (2014);zZwY1W0aZaU
32;A Mighty Heart (2007);G7EDc354h1k
33;A Monster Calls (2016);R2Xbo-irtBA
34;A Most Violent Year (2014);o87gG7ZlEAg
35;A Most Wanted Man (2014);OUyYBrlF_W8
36;A Perfect Getaway (2009);FYw_OUresio
37;A Quiet Place (2018);rqEnM25BsNQ
38;A Series of Unfortunate Events (2004);XWB1HGnA3tA
39;A Serious Man (2009);mDKHWRbK2_Q
40;A Single Man (2009);Ell2a6o_6lY
41;A Tale of Love and Darkness (2015);N2Jd6COX9Q0
42;A United Kingdom (2016);pX5vI4osR50
43;A Walk Among the Tombstones (2014);0JjRoh13vzY
44;A Walk in the Woods (2015);cOF2LIAp9bw
45;A.I. Artificial Intelligence (2001);oBUAQGwzGk0
46;Act of Valor (2012);ZnlPgo9TaGo
47;After the Sunset (2004);ZLOwRK2rKJY
48;Against the Sun (2014);8MYsgLqtEgk
49;Alabama Moon (2009);Wvx4p-h_dqg
50;Ali (2001);4HooryZXjcE
51;Alice in Wonderland (2010);9POCgSRVvf0
52;Alice Through the Looking Glass (2016);x3IWwnNe5mc
53;Alien - Covenant (2017);svnAD0TApb8
54;All About the Money (2017);43hJXQplSgc
55;All Is Lost (2013);no1rl9Gvx-s
56;All the Money in the World (2017);KXHrCBkIxQQ
57;Allied (2016);Jlp94-C31cY
58;Alpha Dog (2006);VPWjDJmbrak
59;Already Tomorrow in Hong Kong (2015);LM2Dntg9rCc
60;Amazing Grace (2006);Q6Cv5P9H9qU
61;American Gangster (2007);BV_nssS6Zkg
62;American Honey (2016);y1SpWZm1PLc
63;American Hustle (2013);ST7a1aK_lG0
64;American Made (2017);woE4GQdvu8E
65;American Psycho (2000);RjKNbfA64EE
66;American Sniper (2014);99k3u9ay1gs
67;American Splendor (2003);WccCSUTDyXQ
68;American Ultra (2015);bLGFwkRx2HA
69;An American Crime (2007);sXyBaKL1FlE
70;An Education (2009);JMHQX_Dr0GQ
71;Angels & Demons (2009);ekfTP1UQG1o
72;Anna (2013);ZUimeHu2iZo
73;Annabelle - Creation (2017);KisPhy7T__Q
74;Annihilation (2018);89OP78l9oF0
75;Anomalisa (2015);WQkHA3fHk_0
76;Anthropoid (2016);blAKCJcXC5c
77;Ant-Man (2015);QfOZWGLT1JM
78;Any Day Now (2012);7ghwGOuuNy0
79;Apocalypto (2006);pXuwjdQx924
80;Appaloosa (2008);edCJ48BEOvM
81;Argo (2012);JW3WfSFgrVY
82;Arrival (2016);AMgyWT075KY
83;Arthur Christmas (2011);7tk-WZSqIGQ
84;As You Are (2016);7dcM3gPA-Qs
85;Astro Boy (2009);1AhqOHom9BY
86;At Middleton (2013);0oBkGzydFIw
87;Atomic Blonde (2017);8USk21Lt0f4
88;Atonement (2007);zRlkHu-R7yI
89;August Rush (2007);OeioCeQZKjk
90;Australia (2008);auSyWVt76Wo
91;Autumn Lights (2016);dxjmILM8fes
92;Avatar (2009);5PSNL1qE6VY
93;Avengers - Age of Ultron (2015);CieuGZ7TthE
94;Awake (2007);q10ClT6q3l0
95;Away We Go (2009);_VMRlXP9O3k
96;Baby Driver (2017);D9YZw_X5UzQ
97;Bad Boys II (2003);hsuKq5pNOcM
98;Bad Kids of Crestview Academy (2017);ezZo4rg-GJ4
99;Bambi II (2006);k73vgTDvRek
100;Band of Robbers (2015);v693nBNYaSI
101;Barefoot (2014);Ppjr-hn1HR4
102;Batman Begins (2005);neY2xVmOfUM
103;Batman v Superman - Dawn of Justice (2016);eX_iASz1Si8
104;Battle for Terra (2007);wYfB-Npq_IA
105;Battle in Seattle (2007);JbPufXnFOh8
106;Battle of the Sexes (2017);WMdzBwsZRX8
107;Beasts of No Nation (2015);2xb9Ty-1frw
108;Beasts of the Southern Wild (2012);pvqZzSMIZa0
109;Beauty and the Beast (2017);OvW_L8sTu5E
110;Bee Movie (2007);VONRQMx78YI
111;Before Midnight (2013);Kv6JWoVKlGY
112;Before We Go (2014);VxJsGKn2kyA
113;Begin Again (2013);uTRCxOE7Xzc
114;Beginners (2010);e1zZYMKGw2M
115;Bernard and Doris (2006);iYlE582xKBQ
116;Bernie (2011);LEs7l6JTAc4
117;Better Watch Out (2016);1BDxAsaoM1Y
118;Beyond Borders (2003);C98QNRlQgZ8
119;Beyond the Sea (2004);nygW4vnH0JY
120;Big Eyes (2014);2xD9uTlh5hI
121;Big Fan (2009);kzQKeqMogh8
122;Big Hero 6 (2014);bT8qmoCgxZg
123;Big Miracle (2012);Qv-mWQUoXOg
124;Big Stan (2007);kCdtAFar0XM
125;Bigfoot Junior (2017);TKNYU_M6O5Y
126;Bj”rnbr”der (2003);eh_co0HcHpY
127;Black Dynamite (2009);96Y24a0cyCE
128;Black Mass (2015);CE3e3hGF2jc
129;Black Panther (2018);x02xX2dv6bQ
130;Black Sea (2014);OwGclAAIpx4
131;Black Swan (2010);5jaI1XOB-bs
132;Blade II (2002);vAUB7dcUn8o
133;Blade Runner 2049 (2017);qJA48WZ9bis
134;Bleed for This (2016);zQ6ny-fROX8
135;Blended (2014);8MuWt2X59fo
136;Blitz (2011);mhO2WJ3MNRI
137;Blood and Bone (2009);d5zwiWqtKIE
138;Blood Ties (2013);SYBr768Q3mo
139;Blue Caprice (2013);btxEOr34nw8
140;Blue Jasmine (2013);tWLtj4LY5CA
141;Blue Jay (2016);2htQEBF1fCc
142;Blue Ruin (2013);qYpuju1NGdA
143;Blue Valentine (2010);aILx69WrRhQ
144;Bobby (2006);dakDA3bY_6E
145;Bobby Jones - Stroke of Genius (2004);TXdZFwkfhok
146;Body of Lies (2008);A4noCwwEUBA
147;Bolt (2008);IBsg00NnzGg
148;Bomb City (2017);ir4IraOtads
149;Bone Tomahawk (2015);0ZbwtHi-KSE
150;Boone - The Bounty Hunter (2017);sJr_71PDFC4
151;Boy Wonder (2010);i4hYIuOaoxA
152;Brave (2012);TEHWDA_6e3M
153;Brawl in Cell Block 99 (2017);5hfAExhHTMM
154;Breach (2007);XJuLFKeRoJg
155;Brick (2005);4Zfw8__A7ps
156;Bridge of Spies (2015);mBBuzHrZBro
157;Bridge to Terabithia (2007);D0Se8n8Cmn8
158;Bridget Jones's Baby (2016);0nhGGQ_PYyE
159;Brigsby Bear (2017);_YE0NNaVHZc
160;Broken Angel (2008);pfmQZAbMA-Y
161;Brooklyn (2015);1ekxPFTZm1Y
162;Brooklyn's Finest (2009);HUMC8rh6uuE
163;Buried (2010);aRQ0oqFBoP4
164;Burn After Reading (2008);SVCHSiRWjJM
165;Byzantium (2012);_zu2cW7AhO8
166;Cadillac Records (2008);1309MEQ4b30
167;Caf‚ Society (2016);Rl4X6pFfmTI
168;Call Me by Your Name (2017);Z9AYPxH5NTM
169;Camp Takota (2014);z10IPRpA8jU
170;Capote (2005);D_c-vPB1nxc
171;Captain America - Civil War (2016);FkTybqcX-Yo
172;Captain America - The First Avenger (2011);JerVrbLldXw
173;Captain America - The Winter Soldier (2014);7SlILk2WMTI
174;Captain Fantastic (2016);D1kH4OMIOMc
175;Captain Phillips (2013);kSmAfIP9CoQ
176;Captain Underpants - The First Epic Movie (2017);VDm_2m-Hg6c
177;Carnage (2011);ZPX6-4Bo7XU
178;Cars (2006);dPDBS3NPYLQ
179;Cars 2 (2011);oFTfAdauCOo
180;Cars 3 (2017);onGynY3EaL4
181;Casino Royale (2006);xK7PbujRUOk
182;Catch a Fire (2006);8Z7N_pzL4C4
183;Catch Me If You Can (2002);71rDQ7z4eFg
184;Cellular (2004);bbvgJVTEY3w
185;Cemetery of Splendor (2015);8ohB_Y3z_Gk
186;Central Intelligence (2016);0FKctBraQj0
187;Centurion (2010);Bni-x_DF11o
188;Cesar Chavez (2014);zeo-q-8MOQ4
189;Changeling (2008);IF5hwg4FNEU
190;Chaos (2005);JBMH0SCvOIU
191;Chaos Theory (2008);bceAWVi2SvA
192;Chappie (2015);l6bmTNadhJE
193;Charlie and the Chocolate Factory (2005);OFVGCUIXJls
194;Charlie Bartlett (2007);b_DVwLq0wn0
195;Charlie St. Cloud (2010);MzgOvvMi8Lg
196;Charlie Wilson's War (2007);G1mnSjjeC2o
197;Chasing Mavericks (2012);vkwCQH6IVhM
198;Cheap Thrills (2013);I0e0PH70Nig
199;Chef (2014);mLuixZwiIdU
200;Child 44 (2015);Uia6y9SRsj4
201;Children of Men (2006);2VT2apoX90o
202;Chittagong (2012);8C7sOtAgpns
203;Christine (2016);v0itmG80oLI
204;Chuck (2016);0AQXwOOqNNw
205;Cinderella (2015);20DF6U1HcGQ
206;Cinderella Man (2005);DlbHzcH4VJY
207;City Island (2009);LIGdleyv8vo
208;City of Ember (2008);U4qNrdYmsj0
209;Closer to the Moon (2014);_7tOgHYnvgE
210;Cloud Atlas (2012);hWnAqFyaQ5s
211;Cloudburst (2011);U89Xb9j6beo
212;Cloudy with a Chance of Meatballs (2009);pUaKcFI4BZY
213;Cloudy with a Chance of Meatballs 2 (2013);IzC18WEfszw
214;Cloverfield (2008);hMPhFVVV-Gw
215;Clubhouse (2013);LuDt9ZYIx6o
216;Coach Carter (2005);znyAnWUYf2g
217;Coco (2017);5sSMRg1X1vg
218;Coherence (2013);kxAOewNzz-8
219;Cold in July (2014);XkyuV69YZcM
220;Collateral Beauty (2016);isQ5Ycie73U
221;Colossal (2016);mlyFHc5Bsv4
222;Compliance (2012);WdONydDX44I
223;Concussion (2015);Io6hPdC41RM
224;Constantine (2005);DEa508Xmmio
225;Contraband (2012);Rp0b5ZXIUvE
226;Control (2007);pO2sJ1QL0a0
227;Copenhagen (2014);ivNMSxPE-_w
228;Copying Beethoven (2006);AZI9HFVy8Og
229;Coraline (2009);m9bOpeuvNwY
230;Corpse Bride (2005);AGACeWVdFqo
231;Crank (2006);8rvYrVTnSWw
232;Crazy Heart (2009);Y0349E7kFEM
233;Crazy, Stupid, Love. (2011);8iCwtxJejik
234;Creed (2015);fCBzWLVQgk8
235;Crimson Peak (2015);6yAbFYbi8XU
236;Crossing Over (2009);sawZ0GnPuxM
237;Crown Heights (2017);nVxfpdTTHkc
238;Curious George (2006);tH0hwk-vXIo
239;Dallas Buyers Club (2013);tb5-PT78v-Q
240;Dan in Real Life (2007);8XageyLtu7g
241;Danny Collins (2015);AndERTFMYd4
242;Darkest Hour (2017);4pNOCzV5jG0
243;Dawn of the Dead (2004);qeZ0SIG2eJY
244;Dawn of the Planet of the Apes (2014);rf5e7Xc1Hwk
245;Daybreakers (2009);IGrpoxBlCNo
246;Dead Man Down (2013);6WKmnAcMTKM
247;Deadpool (2016);Xithigfg7dA
248;Dear Eleanor (2016);nBg4BveUgKI
249;Death at a Funeral (2007);W0xtS83sKGg
250;Death Proof (2007);EAPy76vxF5s
251;Death Sentence (2007);getEzmS42wM
252;Death Wish (2018);WkVCA0LDhwI
253;Deepwater Horizon (2016);8yASbM8M2vg
254;Defiance (2008);n-9eUXSzZNk
255;Definitely, Maybe (2008);NfUwvTvzrg8
256;Deja Vu (2006);oz1hv1u0DXc
257;Deliver Us from Evil (2014);8TgHldrvLrA
258;De-Lovely (2004);DwyEX5ln3II
259;Demolition (2015);fny1Xp-ixgs
260;Den of Thieves (2018);HusPt_1-qto
261;Denial (2016);yH7ktvUWaYo
262;Despicable Me (2010);sUkZFetWYY0
263;Despicable Me 2 (2013);koNSa_6Fd1U
264;Despicable Me 3 (2017);6DBi41reeF0
265;Detachment (2011);w7lBleOF9Pw
266;Detroit (2017);wmQebVSsRbA
267;Devil's Knot (2013);Ju7f366uI6Q
268;Diary of a Wimpy Kid - Rodrick Rules (2011);2tVvgJbqH7U
269;Difret (2014);s63ovvCDTj0
270;Disconnect (2012);2nYbj2jNzlc
271;Disturbia (2007);hkcqaUHUDKA
272;Divergent (2014);HkSSTuWtTTg
273;Django Unchained (2012);eUdM9vrCbow
274;Doctor Strange (2016);HSzx-zryEgM
275;D”d sn” 2 (2014);KbAvn_2-w9s
276;Dolphin Tale (2011);AJ_1eS2Erhk
277;Domino (2005);6Of0gxSz8Vk
278;Don't Breathe (2016);76yBTNDB6vU
279;Dope (2015);3ViVPRWRRmk
280;Drag Me to Hell (2009);Cd8NNcd4Oeo
281;Dredd (2012);G-eI5oLlIeY
282;Drive (2011);KBiOF3y1W0Y
283;Due Date (2010);0iCFi14Glbk
284;Dunkirk (2017);VQ01tJ4EWeg
285;Eagle Eye (2008);_wkqo_Rd3_Q
286;Early Man (2018);98OvTm1pp0Q
287;Easy A (2010);QZ4EwBtyfaA
288;Eddie the Eagle (2016);CATCSEoeG_c
289;Eden (2012);-sxBPA72RrM
290;Edge of Darkness (2010);ZDiQQXFPl-8
291;Edge of Tomorrow (2014);fLe_qO4AE-M
292;Eight Below (2006);zz7TGf1awDo
293;Elite Squad (2007);P_9GgCnDi7g
294;Elizabeth - The Golden Age (2007);0wNboYbgYjo
295;Elsa & Fred (2014);TnORJy_2tzg
296;Elvis and Anabelle (2007);-11tP8-hnjE
297;Elysium (2013);vSAS79fBVxs
298;Emperor (2012);X-Is8hvLPHk
299;Enchanted (2007);moC6oA73wz0
300;End of the Spear (2005);wOMRCIOUXQA
301;End of Watch (2012);9mQYxib26FM
302;Ender's Game (2013);2SRizeR4MmU
303;Enough Said (2013);L1TDTv_tGd8
304;Enter Nowhere (2011);fbaK7Cu4tls
305;Epic (2013);BJVkoq_wK80
306;Equilibrium (2002);raleKODYeg0
307;Escape Plan (2013);CI4EjV_x_PQ
308;Everest (2015);dOHS-mxn0RQ
309;Everybody's Fine (2009);FnJdK1EcmEY
310;Evil Dead (2013);BHDJm1D2ELw
311;Experimenter (2015);O1VOZhwRvWo
312;Extortion (2017);cr_T1pGT8lw
313;Extraordinary Tales (2013);j4IDwG_FMpM
314;Extremely Loud & Incredibly Close (2011);jgp8rR2fykU
315;Factory Girl (2006);dofdqP8CaU0
316;Fanboys (2009);bXELYg6c9wc
317;Fantastic Beasts and Where to Find Them (2016);MtjfNzEVfAQ
318;Fantastic Mr. Fox (2009);n2igjYFojUo
319;Fast & Furious (2009);k98tBkRsGl4
320;Fast & Furious 6 (2013);dKi5XoeTN0k
321;Fast Five (2011);mw2AqdB5EVA
322;Faster (2010);Buf4_Crt27c
323;Faults (2014);pnnbhJSX75U
324;Fay Grim (2006);vAnsrD3kC58
325;Feast (2005);kXwSwMOJl6o
326;Felon (2008);Sr0zDhqfOVo
327;Ferdinand (2017);DY462I2E3IY
328;Filth (2013);tymWDB7gtK4
329;Find Me Guilty (2006);qKr2ot6LMMw
330;Finding Dory (2016);pSf-5vbVpAU
331;Finding Nemo (2003);CTPPCs7ZqYo
332;Finding Neverland (2004);cVLdNA2Qetk
333;First They Killed My Father (2017);fHJATbVHc1g
334;Flags of our Fathers (2006);fx8PnTqQT1k
335;Flash of Genius (2008);0Biy-okZ0l8
336;Flicka (2006);rwybqZxdsts
337;Flight (2012);WmjawuFvDu4
338;Flipped (2010);q40GxY5n2Dg
339;Flushed Away (2006);m1ZA1qU5xsI
340;Flyboys (2006);0ejaNRXaQzg
341;Flytrap (2015);aajHSVu1ipE
342;Focus (2015);MxCRgtdAuBo
343;Forever Strong (2008);u3C2HvQ8KFE
344;Four Brothers (2005);vZPi0K6UoP8
345;Foxcatcher (2014);8361stZ8n0w
346;Frances Ha (2012);YBn5dgXFMis
347;Frankenweenie (2012);XBfcGLBJ2Uc
348;Free State of Jones (2016);3EMkxEKKSQI
349;Freedom Writers (2007);JhXMJlm852A
350;Freeheld (2015);blk27Jj9UE8
351;Friday Night Lights (2004);O-mI9GajrBc
352;Friends with Benefits (2011);wMVO79F9jSk
353;Fright Night (2011);sUipgKdTi_k
354;Frost/Nixon (2008);lP_l2IFiQzs
355;Frozen (2013);TbQm5doF_Uc
356;Frozen River (2008);fRF-d58F3uk
357;Fruitvale Station (2013);CxUG-FjefDk
358;Full Out (2015);dQdgoisJbEg
359;Furious 7 (2015);5Yab0sXGEjg
360;Fury (2014);DNHuK1rteF4
361;Game Night (2018);qmxMAdV6s4U
362;Game of Assassins (2013);WICPRf4kUZY
363;Gangster Squad (2013);jCTYqdx6LzY
364;Genius (2016);gCvcD3IBSlc
365;Gerald's Game (2017);twbGU2CqqQU
366;Get Him to the Greek (2010);Nadp60OP4D4
367;Get Low (2009);I755U1Par9w
368;Get on Up (2014);0F_pxMmOG4I
369;Get Out (2017);DzfpyUB60YY
370;Get Smart (2008);K9WNBO3szgQ
371;Get the Gringo (2012);Bui8shxlYl0
372;Ghost Town (2008);hWbCr7-oS9I
373;Gifted (2017);tI01wBXGHUs
374;Gimme the Loot (2012);FyBGkojSUvE
375;Gladiator (2000);VB5aBE6e00U
376;Glory Road (2006);uEd69QSBI0s
377;Gnomeo & Juliet (2011);6avpvkoZQtk
378;Going in Style (2017);t1pe_eRiMiE
379;Gold (2016);gdLXPv5NsA4
380;Gone Baby Gone (2007);JyT0_wfQR2Y
381;Gone Girl (2014);QZsF7IRTgMQ
382;Good Night, and Good Luck. (2005);Pv4s0wdDOK0
383;Good Time (2017);nrR-SbCRgCU
384;Goodbye Solo (2008);U5IGC59Q9y8
385;Goya's Ghosts (2006);9F8MDsrXNek
386;Gracie (2007);rYu4DEIjeQc
387;Gran Torino (2008);RMhbr2XQblk
388;Grandma's Boy (2006);Bi5CfCHknZs
389;Gravity (2013);0-eP-W0DNmY
390;Greater (2016);v0Ow6lhvPNk
391;Green Room (2015);VpJeAw2PvRc
392;Green Zone (2010);e3KJ21TLKVE
393;Griffin & Phoenix (2006);ChEbwOJthOE
394;Grindhouse (2007);9ZTIM8zJVYI
395;Gringo (2018);7-bZLM3I-C0
396;Guardians of the Galaxy (2014);2XltzyLcu0g
397;Guardians of the Galaxy Vol. 2 (2017);2cv2ueYnKjg
398;Hachi - A Dog's Tale (2009);Y6U7mAnPtw4
399;Hacksaw Ridge (2016);s2-1hz1juBI
400;Hands of Stone (2016);KeP5YVVkQV8
401;Hanna (2011);u73CLdHpbNk
402;Hannibal (2001);Lr3OavheNu0
403;Happy Feet (2006);G2z-xAZRFcQ
404;Hardcore (2015);UI1Ovh5JnOE
405;Harry Potter and the Chamber of Secrets (2002);1bq0qff4iF8
406;Harry Potter and the Deathly Hallows - Part 1 (2010);MxqsmsA8y5k
407;Harry Potter and the Deathly Hallows - Part 2 (2011);monOjieIgA4
408;Harry Potter and the Goblet of Fire (2005);3EGojp4Hh6I
409;Harry Potter and the Half-Blood Prince (2009);sg81Lts5kYY
410;Harry Potter and the Order of the Phoenix (2007);y6ZW7KXaXYk
411;Harry Potter and the Prisoner of Azkaban (2004);1ZdlAg3j8nI
412;Harry Potter and the Sorcerer's Stone (2001);VyHV0BRtdxo
413;Harsh Times (2005);ZW9-0wVpuYg
414;Hector and the Search for Happiness (2014);iWFVAIbIkS4
415;Hell or High Water (2016);j9zwMQN_Yig
416;Hellboy (2004);VTZB7u3iFaA
417;Hellboy II - The Golden Army (2008);HMWQEi8vvto
418;Hello, My Name Is Doris (2015);L6vBnnryIug
419;Her (2013);6QRvTv_tpw0
420;Hercules (2014);OwlynHlZEc4
421;Here Comes the Boom (2012);M4L6ruTF5qE
422;Hereafter (2010);toJPUHh3EKI
423;Hesher (2010);RELi-VW5uSM
424;Hidalgo (2004);BH-2r0ubfrg
425;Hidden Figures (2016);RK8xHq6dfAo
426;Hit and Run (2012);6nZlXB5okeo
427;Hitch (2005);5WA34HrmN40
428;Hitchcock (2012);xbjz5uBToTQ
429;Holes (2003);NEvLRtDKT0c
430;Hollywoodland (2006);TTctOwZBUr8
431;Home (2015);iLGDJkhYnVc
432;Homefront (2013);tjSOj8b804U
433;Honeydripper (2007);lsyEx3JdQLk
434;Hoodwinked! (2005);RGV-cTSr6zg
435;Horns (2013);B8s_1UcdoNI
436;Horrible Bosses (2011);bU0STezaOyk
437;Horrible Bosses 2 (2014);k7bDzOfakDk
438;Horton Hears a Who! (2008);MIQFTBsGccA
439;Hostage (2005);HCt4L7RPweE
440;Hostiles (2017);1M5cj4UmscE
441;Hotel Transylvania (2012);2Ioqovct5Vs
442;Hotel Transylvania 2 (2015);i73c3dgGxRQ
443;House of Good and Evil (2013);rmRyVdIXCJI
444;How to Train Your Dragon (2010);HqMYHjlBMUY
445;How to Train Your Dragon 2 (2014);2BP38770KNo
446;Howl (2010);ytEORri27xE
447;Hugo (2011);Hv3obL9HqyY
448;Hush (2016);Q_P8WCbhC6s
449;I Am Legend (2007);ewpYq9rgg3w
450;I Am Number Four (2011);CfMMosvPHfQ
451;I Can Only Imagine (2018);Fgo6xs93OEw
452;I Don't Feel at Home in This World Anymore. (2017);6WBV7q_1DgQ
453;I Kill Giants (2017);ZBfLY-YL-5w
454;I Origins (2014);Mk4briOLrTQ
455;I, Robot (2004);T3nqdotNoYg
456;I, Tonya (2017);OXZQ5DfSAAc
457;Ice Age - Continental Drift (2012);xz-KgMtU_BM
458;Ice Age - Dawn of the Dinosaurs (2009);Y_nSwh2WjAM
459;Ice Age - The Meltdown (2006);s4PWGVtIZWA
460;Ice Age (2002);CZShn0PZiYU
461;If I Stay (2014);rMp896hfp74
462;I'll See You in My Dreams (2015);ha4kEBtHDoc
463;I'm Not There. (2007);MFUEofAr9GA
464;Imperium (2016);I3lFBq7_CPk
465;In Bruges (2008);p-gG2qo_l_A
466;In the Heart of the Sea (2015);K-H35Mpj4uk
467;In the Valley of Elah (2007);O2S5b9tbBYA
468;In Time (2011);YRSBiTF3wNw
469;In Your Eyes (2014);cs_Z2OyqW5A
470;Inception (2010);YoHD9XEInc0
471;Indiana Jones and the Kingdom of the Crystal Skull (2008);nMhfESAa4tw
472;Infamous (2006);1A1dljXDngU
473;Inferno (2016);RH2BD49sEZI
474;Infinitely Polar Bear (2014);d1pCQS1H2Z0
475;Inglourious Basterds (2009);KnrRy6kSFF0
476;Ink (2009);ZBGeErufQdY
477;Inside Llewyn Davis (2013);lTVwJnW_U7M
478;Inside Man (2006);FSH-dbbiroI
479;Inside Out (2015);WIDYqBMFzfg
480;Insidious - Chapter 2 (2013);fBbi4NeebAk
481;Insidious (2010);zuZnRUcoWos
482;Insurgent (2015);IR-l_TSjlEo
483;Interstellar (2014);Lm8p5rlrSkY
484;Into the Fire (2017);PbRUyO6VS-I
485;Into the Wild (2007);g7ArZ7VD-QQ
486;Into the Woods (2014);7pjy5MK1X70
487;Invictus (2009);o2isdUuHmFY
488;Invincible (2006);BF7EqnYvuGw
489;Iron Man (2008);KAE5ymVLmZg
490;Iron Man 2 (2010);wKtcmiifycU
491;Iron Man 3 (2013);kEIVPiTuYkQ
492;Ironclad (2011);dHCMt0kfF8Y
493;Isle of Dogs (2018);fx1-RXrKKBk
494;It (2017);7no56Zw1e20
495;It Follows (2014);HkZYbOH0ujw
496;It's Kind of a Funny Story (2010);uXU3BDvq-sQ
497;It's Such a Beautiful Day (2012);pN8Kd3zR_mE
498;J. Edgar (2011);XULIO67YIRA
499;Jack of the Red Hearts (2015);CgEiumEkoSs
500;Jack Reacher - Never Go Back (2016);aRwrdbcAh2s
501;Jack Reacher (2012);pj8SfsH_6pE
502;Jack the Giant Slayer (2013);ng9rjC8MOgU
503;Jackie (2016);7cdzT05HpS4
504;Jamesy Boy (2014);X-E7JCOwUlU
505;Jane Eyre (2011);8IFsdfk3mlk
506;Janie Jones (2010);jCqyhXD1Dy0
507;Jarhead (2005);Pv4KCKcGwAQ
508;Jason Bourne (2016);v71ce1Dqqns
509;Jersey Boys (2014);tL2iILHUsG0
510;Jimmy Neutron - Boy Genius (2001);nIJQOFSGKks
511;Jimmy P. (2013);tOiVmbDQ1_Q
512;Joe (2013);IT-rEF6RIPA
513;John Carter (2012);6Rf55GTEZ_E
514;John Q (2002);w-0_tN6O-5k
515;John Wick - Chapter 2 (2017);XGk2EfbD_Ps
516;John Wick (2014);2AUmvWm5ZDQ
517;Johnny English (2003);lFmFwCRLsK4
518;Johnny English Reborn (2011);cA9k-dz7Bqw
519;Josh (2013);-9i-BRFUI8M
520;Julie & Julia (2009);ozRK7VXQl-k
521;Jumanji - Welcome to the Jungle (2017);leE10vdvkho
522;Jumper (2008);W6M3eiEF7PM
523;Jurassic World (2015);ZXiahojLbOw
524;Justice League (2017);DblEwHkde8U
525;Keanu (2016);peOKngpMdKA
526;Kick-Ass (2010);2rpXHqnGDXo
527;Kick-Ass 2 (2013);Td921lYSBIA
528;Kicks (2016);rci4qxqcooA
529;Kid Cannabis (2014);4yghgR6zSJ8
530;Kidnapping Mr. Heineken (2015);He-z_L1rGEA
531;Kill Bill - The Whole Bloody Affair (2011);VqCB_Veq10Y
532;Kill Bill: Vol. 1 (2003);7kSuas6mRpk
533;Kill Bill: Vol. 2 (2004);WTt8cCIvGYI
534;Kill the Irishman (2011);S-RcDFu-LlE
535;Kill the Messenger (2014);VW4XO-52ubE
536;Kill Your Darlings (2013);AxGgkEHmHHg
537;Killer Bean Forever (2009);Og7-2JjjZ1U
538;Killer Joe (2011);JYcUUXq6Kd8
539;King Arthur - Legend of the Sword (2017);4luDtkC3Oy0
540;King Arthur (2004);fqZh1tg_bF4
541;King Candy (2015);d8CHgnVkpGg
542;King Jack (2015);QL_EYJFBIfI
543;King Kong (2005);AYaTCPbYGdk
544;Kingdom of Heaven (2005);YAr6So7e_08
545;Kingsglaive - Final Fantasy XV (2016);TLAvwYtKD6s
546;Kingsman - The Golden Circle (2017);6Nxc-3WpMbg
547;Kingsman - The Secret Service (2014);m4NCribDx4U
548;Kinsey (2004);5UxVz4tn7ZA
549;Knight and Day (2010);JGPl86DBNNs
550;Knocked Up (2007);cv01Mcdf8rI
551;Kong - Skull Island (2017);AP0-9FBs2Rs
552;Kubo and the Two Strings (2016);p4-6qJzeb3A
553;Kung Fu Panda (2008);PXi3Mv6KMzY
554;Kung Fu Panda 2 (2011);FQ63rqSRrEI
555;Kung Fu Panda 3 (2016);H-30B0cqh88
556;La La Land (2016);0pdqf4P9MB8
557;Lady Bird (2017);cNi_HC839Wo
558;Last Flag Flying (2017);VmS4lTZ34uk
559;Last Love (2013);-Z07iJyprEg
560;Law Abiding Citizen (2009);LX6kVRsdXW4
561;Lawless (2012);b2pjH_dQQDg
562;LBJ (2016);xrnEp8WLH0g
563;Leap Year (2010);HrlQBsd8LsE
564;Leaves of Grass (2009);jpgLWZn5XgQ
565;Lee Daniels' The Butler (2013);FuojHqfe4Vk
566;Legend (2015);yI3v6KfR9Mw
567;Legend of the Guardians - The Owls of Ga'Hoole (2010);x8RKCmkOyB4
568;Les Mis‚rables (2012);YmvHzCLP6ug
569;Let Me In (2010);reRRAEVHq8E
570;Let's Be Cops (2014);UKIAZjs__Xc
571;Letters from Iwo Jima (2006);51lo2dpaZ_g
572;Liberal Arts (2012);BqIuv_JX5wM
573;Life (2015);_ctOgZ5K5to
574;Life (2017);cuA-xqBw4jE
575;Life of Pi (2012);3mMN693-F3U
576;Lilo & Stitch (2002);wAtaSKQ4-T0
577;Limitless (2011);4TLppsfzQH8
578;Lincoln (2012);KJVuqYkI2jQ
579;Lion (2016);-RNI9o06vqo
580;Little Boy (2015);b_BdzqsIX6A
581;Little Miss Sunshine (2006);wvwVkllXT80
582;Live Free or Die Hard (2007);8Jz-8UcCiws
583;Logan (2017);gbug3zTm3Ws
584;Logan Lucky (2017);aPzvKH8AVf0
585;Lone Survivor (2013);yoLFk4JK_RM
586;Lonely Hearts Killers (2006);_XmIkrRzTN0
587;Looper (2012);eI3ju17W070
588;Lord of War (2005);Ej83QvHuiNI
589;Lords of Dogtown (2005);BmXeGwbGVCE
590;Love & Mercy (2014);lioWzrpCtGQ
591;Love, Simon (2018);WWlrETrvmMk
592;Loveless (2017);6h5GuecUU-Q
593;Loving (2016);zRXuCY7tRgk
594;Loving Vincent (2017);k8xcLdOjX6w
595;Low Down (2014);TkN2YS-myAg
596;Lucky (2017);YurR6xZeBCk
597;Lucky Number Slevin (2006);mGQmSCQrKKQ
598;Macbeth (2015);3Q3EnDtbg8w
599;Machete (2010);XXiuT5Zd8Do
600;Machine Gun Preacher (2011);47yl-ySEw3A
601;Mad Max - Fury Road (2015);b_4nzm9ICuo
602;Madagascar - Escape 2 Africa (2008);h96GdDSx-5o
603;Madagascar (2005);fq5zU9T_Hl4
604;Madagascar 3 - Europe's Most Wanted (2012);laNiRXqh82Q
605;Magic in the Moonlight (2014);KNJ_x3nQsgI
606;Maleficent (2014);w-XO4XiRop0
607;Man from Reno (2014);5X0d-2x0NAk
608;Man in the Chair (2007);O-gb6xAzTOQ
609;Man of Steel (2013);-DaPBBOHfsA
610;Man on a Ledge (2012);sBJSfqdhyTg
611;Man on Fire (2004);rb-ZEBBKolc
612;Manchester by the Sea (2016);gsVoD0pTge0
613;Marie Antoinette (2006);yBWyKRoh98U
614;Mark Felt - The Man Who Brought Down the White House (2017);iFpuXxM4tzE
615;Marshall (2017);IfvzEXhhWNk
616;Martian Child (2007);Fo--9mYFpVM
617;Matrix Revolutions (2003);hMbexEPAOQI
618;Max (2015);4tgxoas-36Y
619;Maze Runner - The Death Cure (2018);wnE_y4vN9nQ
620;McFarland, USA (2015);74eJaVQFybI
621;Me and Earl and the Dying Girl (2015);2qfmAllbYC8
622;Me Before You (2016);Eh993__rOxA
623;Meet the Robinsons (2007);crPhm_GHMTg
624;Megamind (2010);6CJUQr4Vs40
625;Megan Leavey (2017);53TZCZ5KXWI
626;Memory Lane (2012);EyaJIPoy1b8
627;Men in Black 3 (2012);IyaFEBI_L24
628;Men in Black II (2002);tBsDWiL3-DA
629;Michael Clayton (2007);5kJRYBhG43Q
630;Midnight in Paris (2011);U_3gIxrcWK8
631;Midnight Special (2016);1zuQTmVCEn4
632;Miles Ahead (2015);ssfTNCTVT5U
633;Milk (2008);YQNOViU_CnE
634;Million Dollar Arm (2014);lEtNIoPxcq8
635;Minions (2015);eisKxhjBnZ0
636;Minority Report (2002);lG7DGMgfOb8
637;Miracle (2004);v64ofT1rGOw
638;Miracles from Heaven (2016);nPe1M-qLrlE
639;Miss Congeniality (2000);LwrEnPYHsyQ
640;Miss Peregrine's Home for Peculiar Children (2016);tV_IhWE4LP0
641;Miss Potter (2006);PqF25DJk-fo
642;Miss Sloane (2016);AMUkfmUu44k
643;Mission - Impossible III (2006);lFBd9WIWCoU
644;Mission Impossible - Ghost Protocol (2011);EDGYVFZxsXQ
645;Mission Impossible - Rogue Nation (2015);pXwaKB7YOjw
646;Moana (2016);LKFuXETZUsI
647;Molly's Game (2017);Vu4UPet8Nyc
648;Money Monster (2016);va-0o_xBVnU
649;Moneyball (2011);-4QPVo0UIzc
650;Monster (2003);vq70brIQP40
651;Monster House (2006);XEkeZhWbW7U
652;Monsters University (2013);QxrQ6BaijAY
653;Monsters vs. Aliens (2009);76XkslTbkjU
654;Monsters, Inc. (2001);8IBNZ6O2kMk
655;Moonlight (2016);9NJj12tJzqc
656;Moonrise Kingdom (2012);ocac5Umhb9g
657;Moor (2015);Lla1lNt0wLI
658;Morning Glory (2010);s9lWUqraDoU
659;Mother! (2017);XpICoc65uh0
660;Mr. & Mrs. Smith (2005);7C1miwFdQOQ
661;Mr. Brooks (2007);hXfbVIFc6t4
662;Mr. Church (2016);wySiVNV71IQ
663;Mr. Holmes (2015);0G1lIBgk4PA
664;Mr. Nobody (2009);9k8SoLS0KwU
665;Mr. Peabody & Sherman (2014);Kf-SwZfRd4U
666;Mr. Right (2015);2TatqilQ8rI
667;Mud (2012);2m9IFlz2iYo
668;Mudbound (2017);xucHiOAa8Rs
669;Muhammad - The Last Prophet (2002);xYXoIXEsm2s
670;Muhammad Ali's Greatest Fight (2013);VooUCcwbhrY
671;Murder on the Orient Express (2017);QI5dSBCymMI
672;Music Within (2007);xpWs04Gsx-U
673;My All-American (2015);udOir1ucj38
674;My Friend Dahmer (2017);jmnuC7tn9D4
675;My Little Pony - The Movie (2017);kIv_ConaZ1c
676;My One and Only (2009);HhRoiHKqg94
677;My Sister's Keeper (2009);shIgnez2Qxg
678;My Week with Marilyn (2011);u9wk0Aeddb0
679;Mystic River (2003);W7NktJhrRYQ
680;Mythica - A Quest for Heroes (2014);bg_t3y3zoMQ
681;Nanking (2007);Y-SCExIwWYw
682;National Treasure - Book of Secrets (2007);pDxiflW57r4
683;National Treasure (2004);mcf4tXYjaxo
684;Nebraska (2013);ZuIBvmxIN4w
685;Ned Kelly (2003);tc6GA-kahbE
686;Need for Speed (2014);u3wtVI-aJuw
687;Neruda (2016);neUwXV_cSwM
688;Nerve (2016);2PR9MOPTI7g
689;Never Back Down (2008);2tc-RPjZRm8
690;Night at the Museum - Secret of the Tomb (2014);KMKk7Dn__-Y
691;Night at the Museum (2006);uVAF7rBw65g
692;Nightbeasts (2010);GJWI4mTBbDE
693;Nightcrawler (2014);X8kYDQan8bw
694;No Country for Old Men (2007);38A__WT3-o0
695;No Escape (2015);VFpK71yBv1s
696;Nocturnal Animals (2016);-H1Ii1LjyFU
697;Non-Stop (2014);jiHDJ19A3dk
698;Nothing But the Truth (2008);X4yiOVt8kCo
699;Notorious (2009);kDDv6pAbN_U
700;Now You See Me (2013);F983K9pFk9s
701;Now You See Me 2 (2016);4I8rVcSQbic
702;Oblivion (2013);XmIIgE7eSak
703;Ocean's Eleven (2001);imm6OR605UI
704;Ocean's Thirteen (2007);EAVp5tZKgYw
705;Ocean's Twelve (2004);k5CZa3X4yF4
706;Oculus (2013);dYJrxezWLUk
707;Odd Thomas (2013);DX0Vreu6eW8
708;Okja (2017);AjCebKn4iic
709;Olympus Has Fallen (2013);ar-IaAx7s8k
710;On the Road (2012);Q3ck90Va1Cg
711;Ondine (2009);hO0B_saqOLY
712;One Chance (2013);tMlelQ3ZwqU
713;Only Lovers Left Alive (2013);ycOKvWrwYFo
714;Only the Brave (2017);mQj4BkYf-HM
715;Open Season (2006);-u1uwI5qJ74
716;Orphan (2009);m5BSLNAKIZs
717;Osmosis Jones (2001);cyns_MRTLkE
718;Our Souls at Night (2017);lci71HjGvaM
719;Out of the Furnace (2013);Gw0qH34cbRE
720;Outlander (2008);f7paq_cWOsc
721;Over the Hedge (2006);BE77igZczlI
722;Oz the Great and Powerful (2013);YhLaBpvS7os
723;Pacific Rim - Uprising (2018);_EhiLLOhVis
724;Pacific Rim (2013);5guMumPFBag
725;Paddington (2014);X-d-V9jXYDE
726;Paddington 2 (2017);52x5HJ9H8DM
727;Pain & Gain (2013);SEQ8jyvmYtw
728;Pali Road (2015);GFaI26oaK5w
729;Pandorum (2009);PItZ-qr9jG8
730;Panic Room (2002);sp2kKzrCm44
731;Pan's Labyrinth (2006);EqYiSlkvRuw
732;ParaNorman (2012);hgwSpajMw3s
733;Parched (2015);m69d-KNi2Q0
734;Paterson (2016);m8pGJBgiiDU
735;Patriots Day (2016);KJXqh2rDehg
736;Paul (2011);9JTGNwLdSDA
737;Pawn Sacrifice (2014);xFHvH9FtACg
738;Pel‚ - Birth of a Legend (2016);XBrfxHOXsDE
739;Pelle Kanin (2018);7It-lVPn55s
740;Penguins of Madagascar (2014);retX8Wj7JdM
741;People Like Us (2012);0OVGAOJ7N-c
742;People Places Things (2015);Bawtuko5zYs
743;Pete's Dragon (2016);fPOamb6d_20
744;Phantom Thread (2017);UtWNdHDWsB0
745;Philomena (2013);x6ToSr_LSKU
746;Pineapple Express (2008);BWZt4v6b1hI
747;Pirates of the Caribbean - At World's End (2007);HKSZtp_OGHY
748;Pirates of the Caribbean - Dead Man's Chest (2006);elqO-GNfStM
749;Pirates of the Caribbean - Dead Men Tell No Tales (2017);RMovnXcoC7U
750;Pirates of the Caribbean - On Stranger Tides (2011);QQ_1ZZSNFuQ
751;Pirates of the Caribbean - The Curse of the Black Pearl (2003);naQr0uTrH_s
752;Pitch Black (2000);fIeSV4i7bxQ
753;Planes - Fire & Rescue (2014);Vr2yt5_X9ro
754;Planet 51 (2009);_4LSg8s5XF4
755;Planet Terror (2007);KaWPHLZAZbg
756;Power Rangers (2017);YtqU_6Imito
757;Precious (2009);06ZF3zw1gHs
758;Predators (2010);igKKWJw88Kk
759;Premium Rush (2012);Pn6ie1zCkZU
760;Pride and Glory (2008);U3vHPRdi5Wc
761;Prince of Persia - The Sands of Time (2010);bZ7Li5w2I-k
762;Princess Cyd (2017);vMHPnO1polw
763;Prisoners (2013);bpXfcTF6iVk
764;Project X (2012);3BEIhA8CcY0
765;Prometheus (2012);yA6OKoW30Pk
766;Public Enemies (2009);Ee92mDZu_PI
767;Puncture (2011);9wLQCOqzLv4
768;Punisher - War Zone (2008);liABMxEvPAc
769;Puss in Boots (2011);55gmAtakjJ4
770;Quantum of Solace (2008);BBqYaFEWBxI
771;Queen of Katwe (2016);eEsz6o50wrY
772;Radio (2003);bcfvpJvbYyU
773;Rambo (2008);2CRjdwRYQbU
774;Rango (2011);DDgoDooApwM
775;Ratatouille (2007);c3sBBRxDAqk
776;Ray (2004);jVHCQfcugdw
777;Ready Player One (2018);cSp1dM2Vj48
778;Real Steel (2011);MsHC7LvgVjM
779;Reality (2014);Zyljl85qVxI
780;Rebel in the Rye (2017);VWRhXMMb7CY
781;Recess - School's Out (2001);OgBTaBQEFnw
782;RED (2010);-JZ_moituIo
783;RED 2 (2013);ZfB8QwYBPxY
784;Red Dog (2011);GTExiWzvJlo
785;Red Eye (2005);XP0DdJ6_5xU
786;Red Sparrow (2018);Q3m155Oj-V0
787;Reign Over Me (2007);QqNPW6iPlMU
788;Rescue Dawn (2006);UNm9Tzo5rvI
789;Revolutionary Road (2008);qADM67ZgYxM
790;Ride Along (2014);5klp6rkHIks
791;Rio (2011);PZheNUuK8jg
792;Rio 2 (2014);leJuOObuCxM
793;Rise of the Guardians (2012);aPLiBxhoug0
794;Rise of the Planet of the Apes (2011);T3tidwW1gGM
795;Risen (2016);R-R9JY4le7k
796;Road, Movie (2009);bO8EqMsxOiU
797;Robin Hood (2010);fQ6zXDSgwIY
798;Robot & Frank (2012);Hi9s-__B0TY
799;Robots (2005);hM6ItEXb_Us
800;RocknRolla (2008);TdpR8VuvbCM
801;Rogue One - A Star Wars Story (2016);T_Mr2XfpADo
802;Role Models (2008);7RChtV9AH4M
803;Room (2015);-5UvJw7d1Vk
804;Rosewater (2014);cEExQHYsOT4
805;Ruby Sparks (2012);W4RJYlSgDKM
806;Rudderless (2014);FGBVnURPuOg
807;Run All Night (2015);7uDuFh-nC-c
808;Running Scared (2006);bBboyvN3s-o
809;Rush (2013);4XA73ni9eVs
810;Rush Hour 2 (2001);SCTzYY95Aw4
811;Rush Hour 3 (2007);FRDRWXfQyJE
812;S.W.A.T. (2003);Ig9dXAybwGM
813;Safe (2012);gU-wjVD_58c
814;Safe House (2012);1IfQY4fNcnw
815;Safety Not Guaranteed (2012);73jSnAs7mq8
816;Sahara (2005);VvA4Tbjk8tk
817;San Andreas (2015);yftHosO0eUo
818;Sand Castles (2014);Fh8DS6uL3no
819;Sausage Party (2016);WVAcTZKTgmc
820;Savages (2012);xXNxKwAKGpw
821;Saving Mr. Banks (2013);a5kYmrjongg
822;Saw (2004);S-1QgOMQ-ls
823;Saw II (2005);Lq2AzZB6DUE
824;Scott Pilgrim vs. the World (2010);7wd5KEaOtm4
825;Scouts Guide to the Zombie Apocalypse (2015);ZOhSbNJ7MqI
826;Secret of the Wings (2012);UpFv8M2HdQ4
827;Secretariat (2010);UKmuvjL2cVw
828;Seeking a Friend for the End of the World (2012);pW_OyiUgW88
829;Self/less (2015);3agaVwt0tb8
830;Selma (2014);x6t7vVTxaic
831;Seraphim Falls (2006);4afWoSzxqaU
832;Serenity (2005);AAL6qVciZMA
833;Seven Pounds (2008);MwrtEI-fcmM
834;Shanghai Knights (2003);a26E5JR4M4A
835;Shanghai Noon (2000);FqHg5fc_0_U
836;Shark Tale (2004);mp2SbaK8dDg
837;Shattered (2007);3tQXWifBLgY
838;Sherlock Holmes - A Game of Shadows (2011);DpxtbtnC1u8
839;Sherlock Holmes (2009);J7nJksXDBWc
840;Shoot 'Em Up (2007);jlx4n_ibNZE
841;Shooter (2007);A3lPVwYOdzA
842;Short Term 12 (2013);qhS6tvSb0UQ
843;Shot Caller (2017);QQxjyRr9k2E
844;Shrek (2001);jYejzdBwvY4
845;Shrek 2 (2004);V6X5ti4YlG8
846;Shrek Forever After (2010);u7__TG7swg0
847;Shrek the Third (2007);InR865IDDjU
848;Shuffle (2011);HPefbEgagd8
849;Shutter Island (2010);5iaYLCiq5RM
850;Sicario (2015);7XLQ1bkSLDo
851;Side Effects (2013);EFEou3MBLi4
852;Silence (2016);A0KUWzfugg4
853;Silent Hill (2006);9b4iOhWswYM
854;Silver Linings Playbook (2012);Lj5_FhLaaQQ
855;Sin Nombre (2009);Fvbqwx3e_bQ
856;Sinbad - Legend of the Seven Seas (2003);bRsdyOck9IY
857;Sing (2016);9qPgK_u4vX8
858;Sing Street (2016);jYk2Vx1z6lk
859;Sinister (2012);rnDwBSVKgsM
860;Sky Kids (2008);s5D0GKyaNx0
861;Skyfall (2012);6kw1UVovByw
862;Sleuth (2007);eDrdGPhs7vg
863;Slither (2006);x0rCYl4e1Lw
864;Slumdog Millionaire (2008);AIzbwV7on6Q
865;Small Town Crime (2017);GW0Cuhlu5wI
866;Smokin' Aces (2006);ohhxbsp8Mss
867;Snitch (2013);rieI5g9fgRc
868;Snow White and the Huntsman (2012);F9cBVm9gtKU
869;Snowden (2016);9KyltHXrxVk
870;Soldiers (2010);tAKdm2p1R1w
871;Son of Rambow (2007);hMsRJE9UM3M
872;Soul Surfer (2011);isjY34VD5jE
873;Sound of My Voice (2011);KGPVd-M3eB8
874;Source Code (2011);mnJegNyAb1w
875;Southpaw (2015);Mh2ebPxhoLs
876;Southside with You (2016);9yn02RS6IT0
877;Special (2006);NRHTdNWhAc8
878;Spectre (2015);7GqClqvlObY
879;Spider-Man - Homecoming (2017);n9DwoQ7HWvI
880;Spider-Man (2002);TYMMOjBUPMM
881;Spider-Man 2 (2004);BWsLc3j1AWg
882;Spider-Man 3 (2007);wPosLpgMtTY
883;Spirit - Stallion of the Cimarron (2002);RPJ4EQ2Eh9I
884;Split (2016);84TouqfIsiI
885;Spotlight (2015);56jw6tasomc
886;Spy (2015);YrY3v1eDmQY
887;St. Vincent (2014);9dP5lJnJHXg
888;Stake Land (2010);v4nlXmRVKMU
889;Stand by Me Doraemon (2014);0M6gh-hRT_s
890;Stand Up Guys (2012);NApJNjPTqZs
891;Star Trek - Beyond (2016);dCyv5xKIqlw
892;Star Trek - Into Darkness (2013);QAEkuVgt6Aw
893;Star Trek (2009);pKFUZ10Wmbw
894;Star Wars - The Force Awakens (2015);gAUxw4umkdY
895;Star Wars - The Last Jedi (2017);Q0CbN8sfihY
896;Stardust (2007);VfYBKDyF-Dk
897;State of Play (2009);6KU0Vu991XE
898;Step Brothers (2008);CewglxElBK0
899;Steve Jobs (2015);ufMgQNCXy_M
900;Still Alice (2014);ZrXrZ5iiR0o
901;Stonehearst Asylum (2014);rawTSQ1RKQ0
902;Storks (2016);ZENmkJk9fBM
903;Straight Outta Compton (2015);l5r5cZk0EfY
904;Stranger Than Fiction (2006);PZpg8VII7es
905;Street Kings (2008);3YnTRO43wEE
906;Stretch (2014);RFMFk5m_jS0
907;Stronger (2017);I6MN0QfQx7I
908;Stuck in Love (2012);YDxYtEvBX6A
909;Submarine (2010);Z2xDk4LwBl0
910;Suicide Squad (2016);mMb-RrhTxIE
911;Sully (2016);mjKEXxO2KNE
912;Sunshine (2007);r8BSlqHAhuY
913;Sunshine Cleaning (2008);syGGh1rbFCI
914;Super 8 (2011);t-0XuYxh67w
915;Superbad (2007);4eaZ_48ZYog
916;Superman Returns (2006);bRqAUqAFhNw
917;Surf's Up (2007);X8dKvkSfDVc
918;Sweeney Todd - The Demon Barber of Fleet Street (2007);_4R72KROZ20
919;Swiss Army Man (2016);yrK1f4TsQfM
920;Synecdoche, New York (2008);XIizh6nYnTU
921;Take Me Home (2011);X7vRCKT-ysc
922;Take Shelter (2011);I5U4TtYpKIc
923;Talk to Me (2007);WzvLkuJbTFk
924;Tangerine (2015);ALSwWTb88ZU
925;Tangled (2010);2f516ZLyC6U
926;Tears of the Sun (2003);DuTlpSfptO0
927;Ted (2012);9fbo_pQvU7M
928;Teenage Mutant Ninja Turtles - Out of the Shadows (2016);3CKgLNGfdSM
929;Terminator Genisys (2015);jNU_jrPxs-0
930;Terminator Salvation (2009);-Czz-TcWCkA
931;Thank You for Your Service (2017);50LQGcb5knE
932;That's What I Am (2011);k6R9EFc2mvo
933;The 33 (2015);hOoIBOYqHyw
934;The Accountant (2016);DBfsgcswlYQ
935;The Adventures of Tintin (2011);7NWtW699XME
936;The Age of Adaline (2015);7UzSekc0LoQ
937;The Amazing Spider-Man (2012);VWMZAZkFDbk
938;The Amazing Spider-Man 2 (2014);8vsJZDppH-g
939;The Angry Birds Movie (2016);0qJzWrq7les
940;The Artist (2011);YB9Oq0hn5KY
941;The Assassination of Jesse James by the Coward Robert Ford (2007);6RwAWZtK5Uw
942;The Assassination of Richard Nixon (2004);oHO6MlSu7_k
943;The Astronaut Farmer (2006);vQqcl6ogcDU
944;The A-Team (2010);_ia3xfBh5Pc
945;The Autopsy of Jane Doe (2016);mtTAhXuiRTc
946;The Avengers (2012);NPoHPNeU9fc
947;The Aviator (2004);FebPJlmgldE
948;The Bank Job (2008);WB3oylmcFzg
949;The Battery (2012);6RAC0uwuIr8
950;The Baytown Outlaws (2012);xJ375GjlV1E
951;The Best Exotic Marigold Hotel (2011);BHc_ZTEH0VU
952;The Better Angels (2014);IS-5G5X9BFE
953;The Big Short (2015);LWr8hbUkG9s
954;The Big Sick (2017);jcD0Daqc3Yw
955;The Birth of a Nation (2016);i18z1EQCoyg
956;The Blind Side (2009);a5JkeFDt96c
957;The Book of Eli (2010);zSMHmtaoXtI
958;The Book of Henry (2017);Dz8R2xxeyaA
959;The Book of Life (2014);_i69CJc1BgE
960;The Book Thief (2013);92EBSmxinus
961;The Boss Baby (2017);O2Bsw3lrhvs
962;The Bourne Identity (2002);FpKaB5dvQ4g
963;The Bourne Legacy (2012);cdtUdEoE-Q4
964;The Bourne Supremacy (2004);Y-HqyyfBbSo
965;The Bourne Ultimatum (2007);ZT2ZxjUjSo0
966;The Boxtrolls (2014);Q2dFVnp5K0o
967;The Boy in the Striped Pajamas (2008);9ypMp0s5Hiw
968;The Brave One (2007);6yh8l6ztvAE
969;The Brothers Bloom (2008);8HPXfmqIy-4
970;The Brothers Grimsby (2016);Mi5SiMLFj2c
971;The Bucket List (2007);vc3mkG21ob4
972;The Burning Plain (2008);09uFSfmo_fM
973;The Cabin in the Woods (2012);NsIilFNNmkY
974;The Call (2013);N2I85cPlhk0
975;The Case for Christ (2017);rhe8KhSxWGo
976;The Choice (2016);nWPM1jTnuuo
977;The Chronicles of Narnia - Prince Caspian (2008);XJ1szVA5nSg
978;The Chronicles of Narnia - The Lion, the Witch and the Wardrobe (2005);LshOd31d-yE
979;The Chronicles of Narnia - The Voyage of the Dawn Treader (2010);hrJQDPpIK6I
980;The Chronicles of Riddick (2004);LCrDo3eCXkw
981;The Conjuring (2013);ejMMn0t58Lc
982;The Conjuring 2 (2016);oeDJj8f4cnY
983;The Conspirator (2010);DUrJUxuCMWA
984;The Countess (2009);3I2XW_IUw3k
985;The Crazies (2010);dRsVmMIAmds
986;The Croods (2013);Tz1TDt-wg_o
987;The Curious Case of Benjamin Button (2008);nE8i_QOjsy8
988;The Curse of the Were-Rabbit (2005);BXYNHHj4KDw
989;The Da Vinci Code (2006);lfqHb6INj3w
990;The Dark Knight (2008);EXeTwQWrcwY
991;The Dark Knight Rises (2012);GokKUqLcvD8
992;The Day After Tomorrow (2004);Ku_IseK3xTc
993;The Dead Girl (2006);DBJ8zo3EBVY
994;The Death of Stalin (2017);kPpXFnHoC-0
995;The Descendants (2011);pfPSrFDt5iQ
996;The Devil Wears Prada (2006);XTDSwAxlNhc
997;The Devil's Carnival (2012);D54Hm9pTHv8
998;The Devil's Rejects (2005);CvUyMfkMij0
999;The Disaster Artist (2017);cMKX2tE5Luk
1000;The Diving Bell and the Butterfly (2007);eawGsbRLzHQ
1001;The Drop (2014);Iy_ogNiryZ8
1002;The Duchess (2008);FFg-oduezDs
1003;The Eagle (2011);z_cYUGpAoJw
1004;The East (2013);2oPoTrnHQ3I
1005;The Edge of Seventeen (2016);vswj96INhmo
1006;The End of the Tour (2015);DBk1Mrb4RyM
1007;The Equalizer (2014);-3V0cchHy60
1008;The Exorcism of Emily Rose (2005);Bi-PLwxwvy8
1009;The Expendables (2010);8KtYRALe-xo
1010;The Expendables 2 (2012);ip_CYHdyUBs
1011;The Expendables 3 (2014);4xD0junWlFc
1012;The Express (2008);IaTcy1Vvbi0
1013;The Fall (2006);IwsYyRc9j4g
1014;The Fast and the Furious (2001);2TAOizOnNPo
1015;The Fate of the Furious (2017);9GvX2uexGkA
1016;The Fault in Our Stars (2014);9ItBvH5J6ss
1017;The Fifth Estate (2013);ZT1wb8_tcYU
1018;The Fighter (2010);LRIZ4mCi5Ps
1019;The Final Girls (2015);zreNh78kTjg
1020;The Finest Hours (2016);BQmllwTKtqU
1021;The First Grader (2010);I73IY6k9xsw
1022;The Florida Project (2017);WwQ-NH1rRT4
1023;The Forbidden Kingdom (2008);EeQKCa9ez90
1024;The Foreigner (2017);om9YCk7ufHs
1025;The Founder (2016);AX2uz2XYkbo
1026;The Frame (2014);QUm04OmjZMA
1027;The Fundamentals of Caring (2016);BSXn-lIs4Y0
1028;The Gift (2015);I3IiZU9JBuE
1029;The Girl on the Train (2016);KkoEE1i0CX8
1030;The Girl with All the Gifts (2016);p1n4vpOjm5E
1031;The Girl with the Dragon Tattoo (2011);DqQe3OrsMKI
1032;The Glass Castle (2017);_eud7sJehLI
1033;The Golden Compass (2007);3KUscLoqqAY
1034;The Good Dinosaur (2015);hWemtpycSG0
1035;The Good Heart (2009);oJ6zsKE5Bvk
1036;The Good Lie (2014);c2tI5zW3IU8
1037;The Good Shepherd (2006);xWy0l2fmo_c
1038;The Grand Budapest Hotel (2014);zru-1DbbcsA
1039;The Gray Man (2007);0r8fqi70GXw
1040;The Great Debaters (2007);IN2AGZThL-8
1041;The Great Gilly Hopkins (2015);T0_MnBYJ8ck
1042;The Great Raid (2005);Z_J2oHbPEIY
1043;The Great Wall (2016);av85pHZcncE
1044;The Greatest Game Ever Played (2005);au9nFe4mjIA
1045;The Greatest Showman (2017);VAsp-6TzyG4
1046;The Grey (2011);ujrBaHS8UTg
1047;The Guardian (2006);xnih2FX3y_4
1048;The Guest (2014);y0E2Qh6wLS4
1049;The Hammer (2007);d4kIXXCSwt8
1050;The Hammer (2010);neTdq1lHyxc
1051;The Hangover (2009);tcdUhdOlz9M
1052;The Hateful Eight (2015);nIOmotayDMY
1053;The Heat (2013);c-KKx0lcn2A
1054;The Help (2011);l0dWCXCjX9o
1055;The Hero (2017);RiKtUnI0u4U
1056;The History of Future Folk (2012);fZrDALCsKwI
1057;The Hitman's Bodyguard (2017);F4Afusxc2SM
1058;The Hobbit - An Unexpected Journey (2012);SDnYMbYB-nU
1059;The Hobbit - The Battle of the Five Armies (2014);DaGGZ7bBkYI
1060;The Hobbit - The Desolation of Smaug (2013);JvGcbFIfJos
1061;The Holiday (2006);BDi5zH18vxU
1062;The Hundred-Foot Journey (2014);MWo67uhzoQg
1063;The Hunger Games - Catching Fire (2013);EAzGXqJSDJ8
1064;The Hunger Games - Mockingjay - Part 1 (2014);3PkkHsuMrho
1065;The Hunger Games - Mockingjay - Part 2 (2015);KmYNkasYthg
1066;The Hunger Games (2012);mfmrPu43DF8
1067;The Hunting Party (2007);0X8lOqlz9FE
1068;The Huntsman - Winter's War (2016);eAvCgVR0gIM
1069;The Hurt Locker (2008);AIbFvqFYRT4
1070;The Iceman (2012);hdxKdtt1PjU
1071;The Illusionist (2006);i0xO64icGSY
1072;The Imitation Game (2014);nuPZUUED5uk
1073;The Impossible (2012);Bgw394ZKsis
1074;The Incredible Hulk (2008);xbqNb2PFKKA
1075;The Incredibles (2004);YBpdL9hSac4
1076;The Informant! (2009);2w4pdDkYEAg
1077;The Intern (2015);W-DEy3mylCs
1078;The International (2009);lglMx3_kKcc
1079;The Invitation (2015);0-mp77SZ_0M
1080;The Island (2005);yuLjZujKNmE
1081;The Italian Job (2003);5Eyw-Qiwpj0
1082;The Judge (2014);LRHXo8_PeZM
1083;The Jungle Book (2016);WtR9tqPa48s
1084;The Kids Are All Right (2010);RixlpHKfb6M
1085;The Killing of a Sacred Deer (2017);CQFdGfwChtw
1086;The Kingdom (2007);6OJArlYJQPg
1087;The Kings of Summer (2013);GoPPhItyA74
1088;The King's Speech (2010);pzI4D6dyp_o
1089;The Kite Runner (2007);sLtavGjAOJY
1090;The Lake House (2006);fQ5lPbssHS8
1091;The Last House on the Left (2009);2EZyJxabVck
1092;The Last Samurai (2003);YX265wacZcY
1093;The Last Stand (2013);oc0x-jiewTE
1094;The Last Witch Hunter (2015);xsuG2JUgs_8
1095;The Legend of Tarzan (2016);91rm_G1xkU8
1096;The LEGO Batman Movie (2017);h6DOpfJzmo0
1097;The Lego Movie (2014);fZ_JOBCLF-I
1098;The Lego Ninjago Movie (2017);VJBS1ogEVHE
1099;The Light Between Oceans (2016);YSX-mpsVutQ
1100;The Lincoln Lawyer (2011);IFwE3UgCMIk
1101;The Lobster (2015);z069ldsumxA
1102;The Lone Ranger (2013);Vz0PUiPexVQ
1103;The Lorax (2012);1bHdzTUNw-4
1104;The Lord of the Rings - The Fellowship of the Ring (2001);V75dMMIW2B4
1105;The Lord of the Rings - The Return of the King (2003);r5X-hFf6Bwo
1106;The Lord of the Rings - The Two Towers (2002);LbfMDwc4azU
1107;The Losers (2010);ARI8scVDEp4
1108;The Lost City of Z (2016);wwjtdOqTmrA
1109;The Lovely Bones (2009);zCHHFzqEhmg
1110;The Lucky Ones (2008);XhYvY250p9M
1111;The Lunchbox (2013);xwYN-XS92yY
1112;The Magic of Belle Isle (2012);virLfQxh7Jc
1113;The Magnificent Seven (2016);q-RBA0xoaWU
1114;The Man from Earth (2007);9mOIxyRTY5I
1115;The Man from U.N.C.L.E. (2015);-x08iNZ8Mfc
1116;The Man Who Knew Infinity (2015);oXGm9Vlfx4w
1117;The Man with the Iron Heart (2017);EhGS2jnfMus
1118;The Martian (2015);2p7bgMxewxA
1119;The Matrix Reloaded (2003);kYzz0FSgpSU
1120;The Maze Runner (2014);Xv8ffeBcRC8
1121;The Mechanic (2011);39L8egLr518
1122;The Missing (2003);535RNQ0REx8
1123;The Mist (2007);LhCKXJNGzN8
1124;The Most Hated Woman in America (2017);5UKZSvYH7Bc
1125;The Motorcycle Diaries (2004);RWBsQArUkQY
1126;The Mountain Between Us (2017);Mu41hu1a_8c
1127;The Mummy Returns (2001);-HGZmdRNkK0
1128;The Muppets (2011);C4YhbpuGdwQ
1129;The Music Never Stopped (2011);QOKP4I5Y2zY
1130;The Nativity Story (2006);UiSfup00uZY
1131;The New World (2005);i2LdlqW26zc
1132;The Next Three Days (2010);lti0vfCPZns
1133;The Nice Guys (2016);m_GXC1ADPb8
1134;The Notorious Bettie Page (2005);bv1fQhbb16g
1135;The Odd Life of Timothy Green (2012);QhaPxj1EIhg
1136;The One I Love (2014);jCOvhojlZzQ
1137;The Other Boleyn Girl (2008);M44ZHmPoLSU
1138;The Other Guys (2010);D6WOoUG1eNo
1139;The Others (2001);C7pKqaPtMiA
1140;The Peanuts Movie (2015);zQpUQPrAfQM
1141;The Perfect Game (2009);SPmnXrvwEq8
1142;The Perfect Host (2010);ZMvoVeqFMu0
1143;The Perfect Storm (2000);o4KWMC4u4JU
1144;The Perks of Being a Wallflower (2012);n5rh7O4IDc0
1145;The Pianist (2002);BFwGqLa_oAo
1146;The Place Beyond the Pines (2012);KepnbJT5nBw
1147;The Polar Express (2004);TQhRqtt-Fpo
1148;The Post (2017);nrXlY6gzTTM
1149;The Prestige (2006);ijXruSzfGEc
1150;The Princess and the Frog (2009);uQBy6jqbmlU
1151;The Proposal (2009);eSViT1a0t1A
1152;The Protector (2005);4ONKJ162jHM
1153;The Punisher (2004);G59cD1NSbS8
1154;The Purge - Anarchy (2014);q1r5hBcq7tI
1155;The Pursuit of Happyness (2006);DMOBlEcRuw8
1156;The Queen (2006);mqL42sjb96I
1157;The Rack Pack (2016);yYjJhHHpOTY
1158;The Raid - Redemption (2011);cYFDDFPD_cw
1159;The Raid 2 (2014);MG9uFX3uYq4
1160;The Reader (2008);EBg1IBivcbk
1161;The Recruit (2003);YHJwtEjhZ74
1162;The Retrieval (2013);arvuMKRHtbA
1163;The Revenant (2015);oYiT-vLjhC4
1164;The Ring (2002);_PkgRhzq_BQ
1165;The Road (2009);bO8EqMsxOiU
1166;The Road Within (2014);-MYzi2TPRcM
1167;The Runaways (2010);uHpEJ749TRM
1168;The Rundown (2003);DL5Su-QweXE
1169;The Secret Life of Bees (2008);pVCil2oSNYY
1170;The Secret Life of Walter Mitty (2013);HddkucqSzSM
1171;The Sessions (2012);X5d7wE4YRvk
1172;The Shape of Water (2017);DOaxZbBy7r8
1173;The Simpsons Movie (2007);HRV6tMR-SSs
1174;The Skeleton Key (2005);4RlCq1Ash-4
1175;The Skeleton Twins (2014);fQJ6vb-Pzb8
1176;The Social Network (2010);2RB3edZyeYw
1177;The Soloist (2009);-OdIYUPc40M
1178;The Sorcerer's Apprentice (2010);dZIUUX8XThk
1179;The Space Between Us (2017);2FjFJ5N2MjA
1180;The Spectacular Now (2013);XDTBLSkUmYk
1181;The Spiderwick Chronicles (2008);MatAdV4__Ak
1182;The SpongeBob Movie - Sponge Out of Water (2015);e9awLSibQ80
1183;The SpongeBob SquarePants Movie (2004);qcFVUGNUWuk
1184;The Stanford Prison Experiment (2015);3XN2X72jrFk
1185;The Story of Luke (2012);i3c6Jy5sHhc
1186;The Tale of Despereaux (2008);I7b-Vfz0ga4
1187;The Terminal (2004);GZjC9dAvWuU
1188;The Theory of Everything (2014);Salz7uGp72c
1189;The Third Half (2012);NJq03xHc6mE
1190;The Time Traveler's Wife (2009);3_8WZxHScMk
1191;The Tourist (2010);5R0vcopCNG0
1192;The Town (2010);WcXt9aUMbBk
1193;The Transporter (2002);0poXFSvX0_4
1194;The Tree of Life (2011);WXRYA1dxP_0
1195;The Ugly Truth (2009);DvsZtGxsvV0
1196;The Vanishing of Sidney Hall (2017);I3A12z2ETTk
1197;The Vicious Kind (2009);8WwgfenauD0
1198;The Visitor(2007);KY0FEt3mBog
1199;The Voices (2014);3hQpV9Q0A7E
1200;The Wackness (2008);fEjw-OkMv3w
1201;The Wailing (2016);43uAputjI4k
1202;The Walk (2015);GR1EmTKAWIw
1203;The Water Diviner (2014);8CkLC4Zr2Mw
1204;The Way (2010);o5VZKWcgw6c
1205;The Way Back (2010);87kezJTpyMI
1206;The Way Way Back (2013);6qoaVUdbWMs
1207;The Witch (2015);gud8viI-P7Q
1208;The Wolf of Wall Street (2013);pabEtIERlic
1209;The Wolverine (2013);toLpchTUYk8
1210;The Words (2012);pMKB1LqwSHI
1211;The World's End (2013);n__1Y-N5tQk
1212;The Wrestler (2008);61-GFxjTyV0
1213;The Yellow Sea (2010);eZ9cUe0j9l8
1214;The Young Victoria (2009);q-YPoBU7_aQ
1215;The Zookeeper's Wife (2017);eiEfrA6MWs4
1216;There Will Be Blood (2007);FeSLPELpMeM
1217;This Beautiful Fantastic (2016);EmTfdKKWvNQ
1218;This Is the End (2013);6z5Wykasdls
1219;This Means War (2012);oleuD8479uM
1220;Thomas Kinkade's Christmas Cottage (2008);phOGLdhg-Ps
1221;Thor - Ragnarok (2017);ue80QwXMRHg
1222;Thor - The Dark World (2013);npvJ9FTgZbM
1223;Thor (2011);JOddp-nlNvQ
1224;Thoroughbreds (2017);lGIPRZ-RmxM
1225;Three Billboards Outside Ebbing, Missouri (2017);KwC5gazxFQc
1226;Till vildingarnas land (2009);hcBPzqxBnRU
1227;Till We Meet Again (2016);K-h40ovdLxo
1228;TiMER (2009);9ApG3g64fEM
1229;To Write Love on Her Arms (2012);Rj8TPl3ww9s
1230;Tom of Finland (2017);V0E9zPRt96w
1231;Tomb Raider (2018);Q0Fs4a94uTw
1232;Tomorrowland (2015);lWZ7O-RrATY
1233;Too Late (2015);MaVSY0VVRxY
1234;Total Recall (2012);-3FFWFTjcu8
1235;Touchback (2011);J0rAWFJ3KFc
1236;Tower Heist (2011);Z4KXF7NWFRE
1237;Toy Story 3 (2010);JcpWXaA2qeg
1238;Training Day (2001);DXPJqRtkDP0
1239;Traitor (2008);yjq4PNev838
1240;Tramps (2016);6GYHnhcH7Ns
1241;Transformers - Dark of the Moon (2011);E-Sg_zJrDxc
1242;Transformers - Revenge of the Fallen (2009);7q51vwapBXE
1243;Transformers (2007);dxQxgAfNzyE
1244;Transporter 3 (2008);Pbh3CDBNIQA
1245;Treasure Planet (2002);vnSEqDPIy1Q
1246;Trick 'r Treat (2007);ukylEvRE76w
1247;Trolls (2016);xyjm5VQ11TQ
1248;TRON - Legacy (2010);a1IpPpB3iWI
1249;Tropic Thunder (2008);9Pl4JNnqNaE
1250;True Grit (2010);qIJ4OJ1wH3o
1251;Trumbo (2015);n0dZ_2ICpJE
1252;Truth (2015);MqOz8-Sto1g
1253;Tucker and Dale vs Evil (2010);j0hJSCqqIs4
1254;Turbo (2013);QULzGYRThH8
1255;Turbo Kid (2015);AFlZ6pVtnv0
1256;Unbroken (2014);XrjJbl7kRrI
1257;Unconditional (2012);7mkG7jajCtk
1258;Underworld - Evolution (2006);cCtm8L4PQt8
1259;Underworld - Rise of the Lycans (2009);8pQeN9l5WWs
1260;Underworld (2003);MqT-e44kIM8
1261;United 93 (2006);yQdjDtlK3uQ
1262;Unknown (2006);wB_Ty3-yomk
1263;Unknown (2011);vSXUgkCjdBM
1264;Unleashed (2005);9UKilYzrQH4
1265;Unsane (2018);SyWnHdHrlrw
1266;Unstoppable (2010);JM-0Ywc7wNY
1267;Up (2009);pkqzFUhGPJg
1268;Up in the Air (2009);rTL1FmvVCuA
1269;V for Vendetta (2005);lSA7mAHolAw
1270;Vacation (2015);4cNmMLq9ZrQ
1271;Valerian and the City of a Thousand Planets (2017);NNrK7xVG3PM
1272;Valkyrie (2008);-YppIQUiE9Y
1273;Van Helsing (2004);_h-dsaU-o8w
1274;Vantage Point (2008);vDp-08uNH0Y
1275;Veronica Mars (2014);iksrM_LNZ6s
1276;Victoria & Abdul (2017);mtC8jNHSxgQ
1277;VIPs (2010);ROOK2BBIwpA
1278;W. (2008);jhz6gjcUqog
1279;Walk the Line (2005);eXqlIlkCmDY
1280;WALLúE (2008);8-_9n5DtKOc
1281;Walt Before Mickey (2015);MaOZiu-hnTM
1282;Waltz with Bashir (2008);ylzO9vbEpPg
1283;Wanted (2008);9486G1BG5uU
1284;War Dogs (2016);wdFIkMY1SUI
1285;War for the Planet of the Apes (2017);3KWAxBlZKMA
1286;War of the Worlds (2005);msxe3yJPfyY
1287;Warcraft - The Beginning (2016);2VT-Vpuoio8
1288;Warrior (2011);I5kzcwcQA1Q
1289;Watchmen (2009);wglmbroElU0
1290;We Bought a Zoo (2011);Fopeq7wx4sw
1291;We Need to Talk About Kevin (2011);Mmf42pkfgZw
1292;Wedding Crashers (2005);ZeUSo8voIXM
1293;We're the Millers (2013);0Vsy5KzsieQ
1294;What Doesn't Kill You (2008);WmRM-QeFGlI
1295;What If... (2010);ckqoyetMNoI
1296;What Maisie Knew (2012);GHHt5eYl95c
1297;What We Do in the Shadows (2014);IAZEWtyhpes
1298;Whatever Works (2009);7VeTEP3xoXo
1299;When the Game Stands Tall (2014);qT0aE4iAnJo
1300;Where Hope Grows (2014);-L10tIzZZrA
1301;Whiplash (2014);7d_jQycdQGo
1302;Whiskey Tango Foxtrot (2016);2V8V6-VjnWw
1303;Wild (2014);tn2-GSqPyl0
1304;Wildlike (2014);7PYtHqr0VPU
1305;Win Win (2011);ci_I6n2j5Uw
1306;Wind River (2017);CZgN0dpFoaE
1307;Winnie the Pooh (2011);QbFz--GCkOM
1308;Wonder (2017);ngiK1gQKgK8
1309;Wonder Woman (2017);qeZ8X5FKl78
1310;World War Z (2013);4EC7P5WdUko
1311;World's Greatest Dad (2009);oZ194RK1yhE
1312;Wreck-It Ralph (2012);vf4r5q8-aWo
1313;X-Men - Apocalypse (2016);N0io2w_6vT8
1314;X-Men - Days of Future Past (2014);pK2zYHWDZKo
1315;X-Men - First Class (2011);UrbHykKUfTM
1316;X-Men - The Last Stand (2006);dv-7FY5gm0w
1317;X-Men (2000);Iy5R5_T243w
1318;X-Men 2 (2003);voxI4h7Jzmo
1319;X-Men Origins - Wolverine (2009);68O-kthsutg
1320;You Were Never Really Here (2017);R8oYYg75Qvg
1321;You're Killing Me Susana (2016);zgpLKp13TRk
1322;You're Next (2011);ufUQWpEkbf0
1323;You're Not You (2014);SE0m-N-b1VA
1324;Zathura - A Space Adventure (2005);Whfg26yGPx4
1325;Zero Dark Thirty (2012);LJFra3B9sbA
1326;Zodiac (2007);q6q_MfcDEEE
1327;Zombieland (2009);8m9EVP8X7N8
1328;Zootopia (2016);yCOPJi0Urq4
